SOURCE_SUBREDDIT	TARGET_SUBREDDIT	TIMESTAMP
subredditdrama	askreddit	2014-01-19 14:06:22
subredditdrama	askreddit	2014-02-04 19:48:47
subredditdrama	askreddit	2014-02-06 22:38:32
subredditdrama	askreddit	2014-02-07 23:35:01
bestof	askreddit	2014-02-08 23:57:50
bestof	askreddit	2014-02-18 23:25:29
subredditdrama	askreddit	2014-02-24 20:25:26
subredditdrama	askreddit	2014-03-05 07:12:29
subredditdrama	askreddit	2014-03-14 10:55:04
subredditdrama	askreddit	2014-03-15 12:21:16
subredditdrama	askreddit	2014-03-17 10:42:42
subredditdrama	askreddit	2014-03-18 14:29:30
subredditdrama	askreddit	2014-03-30 07:17:06
subredditdrama	askreddit	2014-04-07 06:54:25
bestof	askreddit	2014-04-11 14:19:54
subredditdrama	askreddit	2014-04-19 20:07:25
subredditdrama	askreddit	2014-04-23 14:21:56
subredditdrama	askreddit	2014-04-24 22:00:48
subredditdrama	askreddit	2014-04-27 15:03:01
subredditdrama	askreddit	2014-05-03 18:24:27
subredditdrama	askreddit	2014-05-30 23:13:13
bestof	askreddit	2014-06-01 01:03:31
subredditdrama	askreddit	2014-06-02 02:23:55
bestof	askreddit	2014-06-03 20:52:56
bestof	askreddit	2014-06-09 12:12:22
subredditdrama	askreddit	2014-06-19 22:24:58
subredditdrama	askreddit	2014-06-25 07:18:59
subredditdrama	askreddit	2014-06-26 19:24:54
subredditdrama	askreddit	2014-07-03 18:46:11
subredditdrama	askreddit	2014-07-04 20:20:47
subredditdrama	askreddit	2014-07-07 15:15:36
subredditdrama	askreddit	2014-07-09 19:12:12
subredditdrama	askreddit	2014-07-20 13:17:45
subredditdrama	askreddit	2014-07-22 12:03:09
subredditdrama	askreddit	2014-07-24 17:43:22
subredditdrama	askreddit	2014-07-26 22:28:21
subredditdrama	askreddit	2014-08-01 08:27:08
subredditdrama	askreddit	2014-08-04 07:22:15
subredditdrama	askreddit	2014-08-10 06:54:36
subredditdrama	askreddit	2014-08-16 19:42:07
subredditdrama	askreddit	2014-08-18 18:51:22
subredditdrama	askreddit	2014-08-26 23:31:29
subredditdrama	askreddit	2014-09-03 08:05:26
subredditdrama	askreddit	2014-09-05 18:49:19
subredditdrama	askreddit	2014-09-19 09:15:45
subredditdrama	askreddit	2014-09-21 20:11:42
subredditdrama	askreddit	2014-09-23 20:23:00
subredditdrama	askreddit	2014-09-27 21:28:13
subredditdrama	askreddit	2014-10-01 19:09:00
subredditdrama	askreddit	2014-10-04 10:03:17
subredditdrama	askreddit	2014-10-12 16:46:27
subredditdrama	askreddit	2014-10-14 23:28:02
subredditdrama	askreddit	2014-10-22 08:33:25
subredditdrama	askreddit	2014-10-23 11:13:08
subredditdrama	askreddit	2014-10-24 11:42:37
subredditdrama	askreddit	2014-10-28 02:59:18
subredditdrama	askreddit	2014-11-04 07:19:22
subredditdrama	askreddit	2014-11-07 09:36:03
subredditdrama	askreddit	2014-11-12 12:03:17
subredditdrama	askreddit	2014-11-21 22:10:37
subredditdrama	askreddit	2014-11-23 05:47:14
subredditdrama	askreddit	2014-11-27 19:52:38
subredditdrama	askreddit	2014-12-05 19:41:31
bestof	askreddit	2014-12-06 07:42:03
subredditdrama	askreddit	2014-12-08 01:33:35
bestof	askreddit	2014-12-09 05:43:34
subredditdrama	askreddit	2014-12-16 19:12:30
subredditdrama	askreddit	2014-12-18 07:40:07
subredditdrama	askreddit	2014-12-20 16:19:18
subredditdrama	askreddit	2014-12-29 16:10:50
subredditdrama	askreddit	2014-12-31 14:48:02
subredditdrama	askreddit	2015-01-01 14:46:22
subredditdrama	askreddit	2015-01-17 16:46:17
subredditdrama	askreddit	2015-01-25 09:48:17
subredditdrama	askreddit	2015-01-27 02:13:07
subredditdrama	askreddit	2015-01-28 02:59:26
subredditdrama	askreddit	2015-02-01 04:14:28
subredditdrama	askreddit	2015-02-05 05:16:22
subredditdrama	askreddit	2015-02-06 08:15:41
subredditdrama	askreddit	2015-02-12 06:59:58
subredditdrama	askreddit	2015-02-13 12:23:20
bestof	askreddit	2015-02-13 20:58:32
subredditdrama	askreddit	2015-02-18 05:52:55
subredditdrama	askreddit	2015-02-19 07:14:35
bestof	askreddit	2015-02-22 11:21:04
subredditdrama	askreddit	2015-02-22 11:57:18
subredditdrama	askreddit	2015-02-27 09:20:31
subredditdrama	askreddit	2015-02-28 11:58:25
subredditdrama	askreddit	2015-03-01 21:59:08
subredditdrama	askreddit	2015-03-04 03:35:05
subredditdrama	askreddit	2015-03-07 18:10:36
subredditdrama	askreddit	2015-03-09 18:02:41
bestof	askreddit	2015-03-16 05:01:48
subredditdrama	askreddit	2015-03-18 20:59:52
subredditdrama	askreddit	2015-03-20 12:56:21
subredditdrama	askreddit	2015-03-22 19:04:58
bestof	askreddit	2015-03-24 12:10:00
subredditdrama	askreddit	2015-03-25 15:11:06
subredditdrama	askreddit	2015-03-30 09:45:40
subredditdrama	askreddit	2015-03-31 11:49:29
subredditdrama	askreddit	2015-04-02 14:48:04
subredditdrama	askreddit	2015-04-20 00:09:52
subredditdrama	askreddit	2015-04-24 11:49:26
subredditdrama	askreddit	2015-04-30 23:53:47
subredditdrama	askreddit	2015-05-13 12:15:47
subredditdrama	askreddit	2015-05-14 17:53:24
bestof	askreddit	2015-05-17 07:07:49
subredditdrama	askreddit	2015-05-25 17:17:56
subredditdrama	askreddit	2015-05-27 14:47:16
subredditdrama	askreddit	2015-05-30 09:16:00
subredditdrama	askreddit	2015-06-06 07:15:54
subredditdrama	askreddit	2015-06-07 10:11:15
bestof	askreddit	2015-07-19 11:11:36
subredditdrama	askreddit	2015-07-27 01:35:17
subredditdrama	askreddit	2015-07-30 14:19:02
subredditdrama	askreddit	2015-07-31 15:05:03
subredditdrama	askreddit	2015-08-09 17:29:05
bestof	askreddit	2015-08-19 13:44:44
subredditdrama	askreddit	2015-08-21 07:51:59
subredditdrama	askreddit	2015-09-01 04:15:02
subredditdrama	askreddit	2015-09-05 21:13:17
subredditdrama	askreddit	2015-09-09 17:48:30
subredditdrama	askreddit	2015-09-13 23:46:20
subredditdrama	askreddit	2015-09-15 01:37:58
subredditdrama	askreddit	2015-09-19 04:41:59
subredditdrama	askreddit	2015-09-23 14:41:20
subredditdrama	askreddit	2015-10-03 23:36:16
subredditdrama	askreddit	2015-10-06 03:08:48
subredditdrama	askreddit	2015-10-08 06:31:32
subredditdrama	askreddit	2015-10-10 00:58:30
subredditdrama	askreddit	2015-10-12 18:23:05
subredditdrama	askreddit	2015-10-23 18:07:41
subredditdrama	askreddit	2015-10-29 12:42:46
subredditdrama	askreddit	2015-11-01 21:23:05
subredditdrama	askreddit	2015-11-09 19:15:43
subredditdrama	askreddit	2015-11-24 17:31:18
subredditdrama	askreddit	2015-11-26 02:14:06
subredditdrama	askreddit	2015-11-27 19:54:17
subredditdrama	askreddit	2015-11-29 01:03:10
subredditdrama	askreddit	2015-12-01 08:54:26
subredditdrama	askreddit	2015-12-03 21:16:07
subredditdrama	askreddit	2015-12-08 19:43:05
subredditdrama	askreddit	2015-12-13 13:38:53
subredditdrama	askreddit	2015-12-18 14:26:55
bestof	askreddit	2015-12-24 18:18:07
subredditdrama	askreddit	2015-12-25 17:53:47
subredditdrama	askreddit	2016-01-02 14:50:42
subredditdrama	askreddit	2016-01-05 20:02:24
subredditdrama	askreddit	2016-01-11 02:43:29
subredditdrama	askreddit	2016-01-14 06:47:54
subredditdrama	askreddit	2016-01-17 21:57:08
bestof	askreddit	2016-01-18 19:52:30
bestof	askreddit	2016-01-21 11:19:51
subredditdrama	askreddit	2016-01-22 11:52:39
subredditdrama	askreddit	2016-01-28 22:09:40
subredditdrama	askreddit	2016-02-03 12:45:23
subredditdrama	askreddit	2016-02-19 15:39:02
subredditdrama	askreddit	2016-02-23 15:53:09
bestof	askreddit	2016-02-29 05:47:41
bestof	askreddit	2016-03-02 16:55:44
subredditdrama	askreddit	2016-03-06 09:45:02
bestof	askreddit	2016-03-14 11:23:50
subredditdrama	askreddit	2016-03-27 18:23:31
subredditdrama	askreddit	2016-03-31 13:54:26
subredditdrama	askreddit	2016-04-03 22:07:27
subredditdrama	askreddit	2016-04-08 00:23:42
subredditdrama	askreddit	2016-04-11 11:36:33
bestof	askreddit	2016-04-14 20:57:56
subredditdrama	askreddit	2016-04-16 17:01:03
subredditdrama	askreddit	2016-04-17 19:56:19
subredditdrama	askreddit	2016-04-19 08:32:07
subredditdrama	askreddit	2016-04-27 16:47:14
subredditdrama	askreddit	2016-05-01 06:56:53
bestof	askreddit	2016-05-01 20:31:27
subredditdrama	askreddit	2016-05-08 17:38:17
subredditdrama	askreddit	2016-05-12 06:49:02
subredditdrama	askreddit	2016-05-22 19:11:46
subredditdrama	askreddit	2016-05-24 01:22:17
subredditdrama	askreddit	2016-05-31 05:44:15
subredditdrama	askreddit	2016-06-03 13:07:43
subredditdrama	askreddit	2016-06-06 13:17:52
subredditdrama	askreddit	2016-06-13 20:16:26
subredditdrama	askreddit	2016-06-15 06:19:28
subredditdrama	askreddit	2016-06-17 11:27:09
subredditdrama	askreddit	2016-06-21 21:15:02
subredditdrama	askreddit	2016-06-29 11:24:23
subredditdrama	askreddit	2016-07-07 18:07:36
bestof	askreddit	2016-07-08 11:43:16
subredditdrama	askreddit	2016-07-15 11:34:10
subredditdrama	askreddit	2016-07-16 17:13:07
bestof	askreddit	2016-07-17 20:50:23
subredditdrama	askreddit	2016-07-26 06:59:40
bestof	askreddit	2016-07-30 14:59:15
subredditdrama	askreddit	2016-08-04 21:36:37
bestof	askreddit	2016-08-14 18:07:19
subredditdrama	askreddit	2016-08-17 11:10:50
subredditdrama	askreddit	2016-08-18 22:15:31
subredditdrama	askreddit	2016-08-23 07:02:37
subredditdrama	askreddit	2016-08-27 15:43:36
bestof	askreddit	2016-09-10 19:32:52
subredditdrama	askreddit	2016-09-11 10:01:05
subredditdrama	askreddit	2016-09-25 18:55:18
bestof	askreddit	2016-09-25 23:16:05
subredditdrama	askreddit	2016-10-03 22:34:24
subredditdrama	askreddit	2016-10-09 12:31:48
subredditdrama	askreddit	2016-10-16 02:51:06
subredditdrama	askreddit	2016-10-22 17:34:40
bestof	askreddit	2016-11-03 11:54:53
bestof	askreddit	2016-11-04 12:48:24
subredditdrama	askreddit	2016-11-05 15:51:29
subredditdrama	askreddit	2016-11-11 10:12:36
bestof	askreddit	2016-11-14 06:02:20
subredditdrama	askreddit	2016-11-17 00:41:19
bestof	askreddit	2016-11-24 15:58:31
subredditdrama	askreddit	2016-11-27 15:31:49
subredditdrama	askreddit	2016-12-01 09:13:23
subredditdrama	askreddit	2016-12-04 14:02:58
subredditdrama	askreddit	2016-12-06 22:13:32
subredditdrama	askreddit	2016-12-18 15:18:26
subredditdrama	askreddit	2016-12-22 12:24:31
subredditdrama	askreddit	2016-12-25 08:32:49
subredditdrama	askreddit	2016-12-30 11:33:10
subredditdrama	askreddit	2017-01-21 12:00:48
bestof	askreddit	2017-01-22 11:24:25
subredditdrama	askreddit	2017-01-27 20:47:32
bestof	askreddit	2017-01-30 22:37:19
subredditdrama	askreddit	2017-02-03 11:05:31
subredditdrama	askreddit	2017-02-04 17:56:30
subredditdrama	askreddit	2017-02-11 00:23:37
subredditdrama	askreddit	2017-02-19 10:41:12
subredditdrama	askreddit	2017-02-23 18:00:25
subredditdrama	askreddit	2017-02-25 10:03:31
bestof	askreddit	2017-02-25 22:21:52
subredditdrama	askreddit	2017-03-02 03:54:39
bestof	askreddit	2017-03-05 10:19:52
bestof	askreddit	2017-03-06 11:40:00
subredditdrama	askreddit	2017-03-08 01:48:37
subredditdrama	askreddit	2017-03-10 08:01:37
subredditdrama	askreddit	2017-03-14 07:13:11
bestof	askreddit	2017-03-15 04:46:22
subredditdrama	askreddit	2017-03-23 13:46:39
subredditdrama	askreddit	2017-03-27 05:51:54
subredditdrama	askreddit	2017-03-30 11:31:06
subredditdrama	askreddit	2017-03-31 21:35:06
bestof	askreddit	2017-04-01 02:53:03
subredditdrama	askreddit	2017-04-05 22:41:59
subredditdrama	askreddit	2017-04-07 12:25:45
subredditdrama	askreddit	2017-04-14 09:41:50
bestof	askreddit	2017-04-15 16:33:17
subredditdrama	askreddit	2017-04-16 13:00:38
bestof	askreddit	2017-04-20 04:16:06
subredditdrama	askreddit	2017-04-27 09:07:33
subredditdrama	askreddit	2017-04-28 21:33:46
